<?xml version="1.0" encoding="UTF-8"?> 
<!DOCTYPE mapper PUBLIC "-//mybatis.org//DTD Mapper 3.0//EN"  
"http://mybatis.org/dtd/mybatis-3-mapper.dtd">

<mapper namespace="entity.Action">  
	<resultMap id="actionResult" type="Action">
		<result column="id" property="id" jdbcType="DECIMAL" />
		<result column="name" property="name" jdbcType="VARCHAR" />
		<result column="sort" property="sort" jdbcType="DECIMAL" />
		<result column="create_time" property="create_time" jdbcType="DATE" />
		<result column="menu_id" property="menu_id" jdbcType="DECIMAL" />
		<result column="menu_name" property="menu_name" jdbcType="VARCHAR" />
    </resultMap>

	<sql id="sf-action">
		<where>
			<if test="id != null">
				and a.id = #{id}
			</if>
			<if test="name != null">
				and a.name = #{name}
			</if>
			<if test="menu_id != null">
				and a.menu_id = #{menu_id}
			</if>
			<if test="sort != null">
				and a.sort = #{sort}
			</if>
			<if test="create_time != null">
				and a.create_time = #{create_time}
			</if>
			<if test="map.keyword != null">
				and a.keyword like concat('%',#{map.keyword},'%')
			</if>
			<if test="map.ids != null">
				and a.id in
				<foreach collection="map.ids" open="(" separator="," close=")"
					index="index" item="item">
					#{item}
				</foreach>
			</if>
		</where>
		<if test="map.sort_s != null">
			order by a.sort
		</if>
	</sql>

	<select id="selectAction" resultType="Action" parameterType="Action">
		select a.*,b.name as menu_name from action a left join menu b on a.menu_id=b.id
		<include refid="sf-action" />
	</select>
	
	<select id="selectActionList" resultType="Action" parameterType="Action">
		select a.*,b.name as menu_name from action a left join menu b on a.menu_id=b.id
		<include refid="sf-action" />
	</select>
	
	<select id="selectActionCount" resultType="int" parameterType="Action">
		select count(1) from action a left join menu b on a.menu_id=b.id
		<include refid="sf-action" />
	</select>
	
	<select id="selectActionPageList" resultType="Action" parameterType="Action">
		select a.*,b.name as menu_name from action a left join menu b on a.menu_id=b.id
		<include refid="sf-action" />
		limit #{map.startIndex},#{map.pageSize}
	</select>
	
	<select id="selectActionSort" resultType="int" parameterType="Action">
		select max(a.sort) from action a
		<include refid="sf-action" />
	</select>

	<insert id="insertAction" parameterType="Action" useGeneratedKeys="true"
		keyProperty="id"> 
		<![CDATA[insert into action (]]>
		<trim suffixOverrides=",">  
			<if test="id != null">id,</if> 
			<if test="name != null">name,</if> 
			<if test="sort != null">sort,</if> 
			<if test="create_time != null">create_time,</if> 
			<if test="menu_id != null">menu_id,</if> 
		</trim>
		<![CDATA[) values (]]>
		<trim suffixOverrides=",">  
			<if test="id != null">#{id},</if> 
			<if test="name != null">#{name},</if> 
			<if test="sort != null">#{sort},</if> 
			<if test="create_time != null">#{create_time},</if> 
			<if test="menu_id != null">#{menu_id},</if> 
		</trim>
		<![CDATA[)]]>
	</insert>

	<update id="updateAction" parameterType="Action">
		update action
		<set>
			<if test="name != null">name=#{name},</if>
			<if test="sort != null">sort=#{sort},</if>
			<if test="create_time != null">create_time=#{create_time},</if>
			<if test="menu_id != null">menu_id=#{menu_id},</if>
		</set>
		<where>
			<if test="id != null">
				and id = #{id}
			</if>
			<if test="map.ids != null">
				and id in
				<foreach collection="map.ids" open="(" separator="," close=")"
					index="index" item="item">
					#{item}
				</foreach>
			</if>
		</where>
	</update>
	
	<delete id="deleteAction" parameterType="Action">
		delete from action 
		<where>
			<if test="id != null">
				and id = #{id}
			</if>
			<if test="menu_id != null">
				and menu_id = #{menu_id}
			</if>
			<if test="map.ids != null">
				and id in
				<foreach collection="map.ids" open="(" separator="," close=")"
					index="index" item="item">
					#{item}
				</foreach>
			</if>
		</where>
	</delete>
</mapper>