<?xml version="1.0" encoding="UTF-8"?> 
<!DOCTYPE mapper PUBLIC "-//mybatis.org//DTD Mapper 3.0//EN"  
"http://mybatis.org/dtd/mybatis-3-mapper.dtd">

<mapper namespace="entity.UserRole">  
	

	<sql id="sf-userRole">
		<where>
			<if test="id != null">
				and a.id = #{id}
			</if>
			<if test="user_id != null">
				and a.user_id = #{user_id}
			</if>
			<if test="role_id != null">
				and a.role_id = #{role_id}
			</if>
			<if test="map.keyword != null">
				and a.keyword like concat('%',#{map.keyword},'%')
			</if>
			<if test="map.ids != null">
				and a.id in
				<foreach collection="map.ids" open="(" separator="," close=")"
					index="index" item="item">
					#{item}
				</foreach>
			</if>
		</where>
		<if test="map.sort != null">
			order by a.id desc
		</if>
	</sql>

	<select id="selectUserRole" resultType="UserRole" parameterType="UserRole">
		select a.* from user_role a
		<include refid="sf-userRole" />
	</select>
	
	<select id="selectUserRoleList" resultType="UserRole" parameterType="UserRole">
		select a.* from user_role a
		<include refid="sf-userRole" />
	</select>
	
	<select id="selectUserRoleCount" resultType="int" parameterType="UserRole">
		select count(1) from user_role a
		<include refid="sf-userRole" />
	</select>
	
	<select id="selectUserRolePageList" resultType="UserRole" parameterType="UserRole">
		select a.* from user_role a
		<include refid="sf-userRole" />
		limit #{map.startIndex},#{map.pageSize}
	</select>
	
	<select id="selectUserRoleSort" resultType="int" parameterType="UserRole">
		select max(a.id) from user_role a
		<include refid="sf-userRole" />
	</select>

	<insert id="insertUserRole" parameterType="UserRole" useGeneratedKeys="true"
		keyProperty="id"> 
		<![CDATA[insert into user_role (]]>
		<trim suffixOverrides=",">  
			<if test="id != null">id,</if> 
			<if test="user_id != null">user_id,</if> 
			<if test="role_id != null">role_id,</if> 
		</trim>
		<![CDATA[) values (]]>
		<trim suffixOverrides=",">  
			<if test="id != null">#{id},</if> 
			<if test="user_id != null">#{user_id},</if> 
			<if test="role_id != null">#{role_id},</if> 
		</trim>
		<![CDATA[)]]>
	</insert>

	<update id="updateUserRole" parameterType="UserRole">
		update user_role
		<set>
			<if test="user_id != null">user_id=#{user_id},</if>
			<if test="role_id != null">role_id=#{role_id},</if>
		</set>
		<where>
			<if test="id != null">
				and id = #{id}
			</if>
			<if test="map.ids != null">
				and id in
				<foreach collection="map.ids" open="(" separator="," close=")"
					index="index" item="item">
					#{item}
				</foreach>
			</if>
		</where>
	</update>
	
	<delete id="deleteUserRole" parameterType="UserRole">
		delete from user_role 
		<where>
			<if test="id != null">
				and id = #{id}
			</if>
			<if test="user_id != null">
				and user_id = #{user_id}
			</if>
			<if test="map.ids != null">
				and id in
				<foreach collection="map.ids" open="(" separator="," close=")"
					index="index" item="item">
					#{item}
				</foreach>
			</if>
		</where>
	</delete>
	
	<select id="selectUserRoleListByUser" parameterType="UserRole" resultType="UserRole">
			select DISTINCT role_id from user_role where user_id = #{user_id}
	</select>
	
</mapper>