<?xml version="1.0" encoding="UTF-8"?>
<beans xmlns="http://www.springframework.org/schema/beans"
	xmlns:xsi="http://www.w3.org/2001/XMLSchema-instance"
	xmlns:aop="http://www.springframework.org/schema/aop"
	xmlns:tx="http://www.springframework.org/schema/tx"
	xmlns:context="http://www.springframework.org/schema/context"
	xmlns:mvc="http://www.springframework.org/schema/mvc"
	xsi:schemaLocation="http://www.springframework.org/schema/mvc 
    http://www.springframework.org/schema/mvc/spring-mvc-3.2.xsd
	http://www.springframework.org/schema/beans http://www.springframework.org/schema/beans/spring-beans-3.2.xsd
	http://www.springframework.org/schema/context http://www.springframework.org/schema/context/spring-context-3.2.xsd
	http://www.springframework.org/schema/aop http://www.springframework.org/schema/aop/spring-aop-3.2.xsd
    http://www.springframework.org/schema/tx http://www.springframework.org/schema/tx/spring-tx-3.2.xsd">

	<!-- 数据源配置, 使用Tomcat JDBC连接池 -->
	<bean id="defaultDataSource" class="org.apache.tomcat.jdbc.pool.DataSource" destroy-method="close">
		<!-- Connection Info -->
		<property name="driverClassName" value="${jdbc.driver}" />
		<property name="url" value="${jdbc.url}" />
		<property name="username" value="${jdbc.username}" />
		<property name="password" value="${jdbc.password}" />
	
		<!-- Connection Pooling Info -->
		<property name="maxActive" value="${jdbc.pool.maxActive}" />
		<property name="maxIdle" value="${jdbc.pool.maxIdle}" />
		<property name="minIdle" value="0" />
		<property name="defaultAutoCommit" value="false" />
	</bean> 

	<bean id="sqlSessionFactoryDefault" class="org.mybatis.spring.SqlSessionFactoryBean">
		<property name="dataSource" ref="defaultDataSource" />
		<property name="configLocation">
			<value>classpath:mybatis-config.xml</value>
		</property>
		<property name="mapperLocations">
            <list>
                <value>classpath*:com/xz/project/core/dao/mybatis/maps/*.xml</value>
            </list>
        </property>
	</bean>
	
	<bean id="sqlSessionDefault" class="org.mybatis.spring.SqlSessionTemplate">
		<constructor-arg index="0" ref="sqlSessionFactoryDefault" />
	</bean>
	
    <!-- 开启AOP监听 只对当前配置文件有效 -->
    <aop:aspectj-autoproxy expose-proxy="true"/>
    
	<!-- spring事务控制 -->
	<bean id="transactionManager"
		class="org.springframework.jdbc.datasource.DataSourceTransactionManager">
		<property name="dataSource">
			<ref local="defaultDataSource" />
		</property>
	</bean> 
	
	<tx:advice id="txAdvice" transaction-manager="transactionManager">
		<tx:attributes> 
			<tx:method name="create*" propagation="REQUIRED" rollback-for="Exception" />
			<tx:method name="modify*" propagation="REQUIRED" rollback-for="Exception" />
			<tx:method name="remove*" propagation="REQUIRED" rollback-for="Exception" />
			<tx:method name="*" read-only="true" />
		</tx:attributes>
	</tx:advice>
	<aop:config expose-proxy="true" proxy-target-class="true">
		<aop:pointcut id="txPointcut" expression="execution(* com.xz.project.core.service.*.*.*(..)) || execution(* com.xz.project.core.service.*.*(..))" />
		<aop:advisor pointcut-ref="txPointcut" advice-ref="txAdvice" />
	</aop:config> 
</beans>