<?xml version="1.0" encoding="UTF-8"?>
<beans xmlns="http://www.springframework.org/schema/beans"
	xmlns:xsi="http://www.w3.org/2001/XMLSchema-instance" xmlns:context="http://www.springframework.org/schema/context"
	xmlns:jdbc="http://www.springframework.org/schema/jdbc" xmlns:jee="http://www.springframework.org/schema/jee"
	xmlns:tx="http://www.springframework.org/schema/tx" xmlns:jpa="http://www.springframework.org/schema/data/jpa"
	xsi:schemaLocation="
		http://www.springframework.org/schema/beans http://www.springframework.org/schema/beans/spring-beans-4.0.xsd
		http://www.springframework.org/schema/context http://www.springframework.org/schema/context/spring-context-4.0.xsd
		http://www.springframework.org/schema/jdbc http://www.springframework.org/schema/jdbc/spring-jdbc-4.0.xsd
		http://www.springframework.org/schema/jee http://www.springframework.org/schema/jee/spring-jee-4.0.xsd
		http://www.springframework.org/schema/tx http://www.springframework.org/schema/tx/spring-tx-4.0.xsd
		http://www.springframework.org/schema/data/jpa http://www.springframework.org/schema/data/jpa/spring-jpa-1.3.xsd"
	default-lazy-init="true">

	<description>Spring公共配置 </description>

	<context:property-placeholder
		ignore-unresolvable="true" location="classpath*:/jdbc.properties" />
		
	<context:property-placeholder
		ignore-unresolvable="true" location="classpath*:/sms/config.properties" />

	<!-- 自动扫描 -->
	<context:component-scan base-package="com.xz" >
        <context:exclude-filter type="annotation" expression="org.springframework.stereotype.Controller"/>
	</context:component-scan>

	<!-- 数据源配置 -->
	<import resource="applicationContext-mybatis.xml" /> 
	
	<!-- activiti配置 -->
	<import resource="applicationContext-activiti.xml" /> 
	
	<!-- JSR303 Validator定义 -->
	<bean id="validator"
		class="org.springframework.validation.beanvalidation.LocalValidatorFactoryBean" />
 
 	<bean id="httpClientFactory"
		class="org.springframework.http.client.HttpComponentsClientHttpRequestFactory ">
		<property name="connectTimeout" value="${connectTimeout}" />
		<property name="readTimeout" value="${readTimeout}" />
	</bean>

	<!--RestTemplate -->
	<bean id="restTemplate" class="org.springframework.web.client.RestTemplate">
		<constructor-arg ref="httpClientFactory" />
	</bean>
	
	<bean id="multipartResolver" class="org.springframework.web.multipart.commons.CommonsMultipartResolver">
		<property name="maxUploadSize">
			<value>20971520</value>
		</property>
	</bean>


	
</beans>