<?xml version="1.0" encoding="UTF-8" ?>
<configuration>

	<!--定义日志文件的存储地址 勿在 LogBack 的配置中使用相对路径 -->
	<property name="LOG_HOME" value="${catalina.base}/logs/project"/>

	<!-- 控制台输出 -->
	<appender name="stdout" class="ch.qos.logback.core.ConsoleAppender">
		<encoder class="ch.qos.logback.classic.encoder.PatternLayoutEncoder">
			<!--格式化输出：%d表示日期，%thread表示线程名，%-5level：级别从左显示5个字符宽度%msg：日志消息，%n是换行符 -->
			<pattern>%d{yyyy-MM-dd HH:mm:ss.SSS} [%thread] %-5level %logger{50} - %msg%n</pattern>
		</encoder>
	</appender>

	<!-- 按照小时生成日志文件 (错误日志) -->
	<appender name="error_file" class="ch.qos.logback.core.rolling.RollingFileAppender">
		<filter class="ch.qos.logback.classic.filter.LevelFilter">
			<level>ERROR</level>
			<onMatch>ACCEPT</onMatch>
			<onMismatch>DENY</onMismatch>
		</filter>
		<rollingPolicy class="ch.qos.logback.core.rolling.TimeBasedRollingPolicy">
			<!--日志文件输出的文件名 -->
			<FileNamePattern>${LOG_HOME}/logtool_error.log.%d{yyyy-MM-dd-HH}.log</FileNamePattern>
			<!--日志文件保留天数 -->
			<MaxHistory>30</MaxHistory>
		</rollingPolicy>
		<encoder class="ch.qos.logback.classic.encoder.PatternLayoutEncoder">
			<!--格式化输出：%d表示日期，%thread表示线程名，%-5level：级别从左显示5个字符宽度%msg：日志消息，%n是换行符 -->
			<pattern>%d{yyyy-MM-dd HH:mm:ss.SSS} [%thread] %-5level %logger{80} - %msg%n</pattern>
			<charset>UTF-8</charset>
		</encoder>
	</appender>

	<!-- 按照小时生成日志文件 (信息日志) -->
	<appender name="info_file" class="ch.qos.logback.core.rolling.RollingFileAppender">
		<rollingPolicy class="ch.qos.logback.core.rolling.TimeBasedRollingPolicy">
			<!--日志文件输出的文件名 -->
			<FileNamePattern>${LOG_HOME}/logtool_info.log.%d{yyyy-MM-dd-HH}.log</FileNamePattern>
			<!--日志文件保留天数 -->
			<MaxHistory>30</MaxHistory>
		</rollingPolicy>
		<encoder class="ch.qos.logback.classic.encoder.PatternLayoutEncoder">
			<!--格式化输出：%d表示日期，%thread表示线程名，%-5level：级别从左显示5个字符宽度%msg：日志消息，%n是换行符 -->
			<pattern>%d{yyyy-MM-dd HH:mm:ss.SSS} [%thread] %-5level %logger{80} - %msg%n</pattern>
			<charset>UTF-8</charset>
		</encoder>
	</appender>
	
    <!-- 异步输出 -->  
    <appender name ="asyn_info_file" class= "ch.qos.logback.classic.AsyncAppender">  
         <!-- 不丢失日志.默认的,如果队列的80%已满,则会丢弃TRACT、DEBUG、INFO级别的日志 -->  
         <discardingThreshold>0</discardingThreshold>  
         <!-- 更改默认的队列的深度,该值会影响性能.默认值为256 -->  
         <queueSize>512</queueSize>  
         <!-- 添加附加的appender,最多只能添加一个 -->  
         <appender-ref ref ="info_file"/>
    </appender> 
	
	<logger name="read" level="DEBUG"/>
	<logger name="write" level="DEBUG"/>

	<root level="INFO">
		<appender-ref ref="asyn_info_file"/>
		<appender-ref ref="error_file" />
	</root>
	
</configuration>